model,z500_rmse,z500_acc,t850_rmse,t850_acc,t2m_rmse,t2m_acc,lead_h
aurora,14.8089,0.9999,0.2905,0.9972,0.4634,0.9851,6
aurora,24.7591,0.9996,0.4526,0.9933,0.4807,0.9844,12
aurora,28.3453,0.9995,0.5117,0.9914,0.5537,0.9788,18
aurora,39.2616,0.999,0.6085,0.988,0.6101,0.9738,24
aurora,45.8024,0.9987,0.6705,0.9854,0.6611,0.9697,30
aurora,59.4307,0.9976,0.7645,0.981,0.7167,0.9666,36
aurora,72.4804,0.9964,0.8189,0.978,0.7656,0.9613,42
aurora,90.5267,0.9942,0.9083,0.9729,0.8532,0.951,48
ifs-hres,35.5389,0.9992,0.7871,0.9798,1.0471,0.9279,12
ifs-hres,48.4397,0.9985,0.8268,0.9778,1.0119,0.9278,24
ifs-hres,70.6241,0.9967,0.948,0.9708,1.1214,0.9181,36
ifs-hres,93.1012,0.9939,1.0294,0.9653,1.0876,0.9189,48
