model,z500_rmse,z500_acc,t850_rmse,t850_acc,t2m_rmse,t2m_acc,lead_time_secs,lead_h
hres,45.5556,0.9985,0.7143,0.9796,0.8359,0.9446,,24
hres,80.9407,0.9951,0.9168,0.9664,0.9452,0.9289,,48
hres,135.1487,0.9865,1.1581,0.9462,1.0706,0.9088,,72
hres,207.9812,0.9682,1.4608,0.9143,1.2299,0.8798,,96
hres,297.1555,0.9358,1.8098,0.8684,1.4258,0.8391,,120
hres,391.8905,0.8895,2.1769,0.8088,1.6528,0.785,,144
hres,495.6912,0.8248,2.5797,0.7313,1.8927,0.7191,,168
hres,614.3955,0.7341,2.9871,0.6386,2.1284,0.6467,,192
hres,727.2373,0.6305,3.394,0.5342,2.3629,0.5691,,216
hres,827.92,0.5215,3.7687,0.4261,2.5772,0.4942,,240
graphcast,39.4365,0.9988,0.5163,0.9894,0.496,0.9806,,24
graphcast,73.8359,0.996,0.723,0.9791,0.6405,0.9674,,48
graphcast,121.8809,0.989,0.942,0.9641,0.7846,0.9506,,72
graphcast,184.1481,0.975,1.2082,0.9403,0.9587,0.9256,,96
graphcast,263.106,0.9492,1.5367,0.9022,1.1752,0.8875,,120
graphcast,354.0233,0.9079,1.9075,0.8475,1.4173,0.8363,,144
graphcast,453.9,0.8482,2.3045,0.7755,1.6798,0.7704,,168
graphcast,559.1529,0.7683,2.7155,0.687,1.9387,0.6949,,192
graphcast,659.269,0.675,3.1286,0.5825,2.2027,0.6098,,216
graphcast,746.596,0.5799,3.4792,0.4812,2.4482,0.5243,,240
pangu,42.8855,0.9986,0.6188,0.9847,0.5556,0.9757,,24
pangu,77.957,0.9955,0.8241,0.9727,0.7175,0.9594,,48
pangu,129.4058,0.9876,1.0537,0.9552,0.8931,0.9371,,72
pangu,198.5588,0.9711,1.3452,0.9268,1.0992,0.905,,96
pangu,283.8701,0.9416,1.6968,0.8833,1.3333,0.8611,,120
pangu,384.6172,0.8935,2.0933,0.8221,1.5905,0.8049,,144
pangu,490.3279,0.8279,2.4996,0.7454,1.8529,0.738,,168
pangu,597.6198,0.7443,2.8937,0.6584,2.107,0.665,,192
pangu,690.8223,0.6568,3.2514,0.57,2.3311,0.5937,,216
pangu,777.0268,0.5662,3.5957,0.4763,2.5415,0.5225,,240
fuxi,38.8132,0.9989,0.5474,0.9881,0.5233,0.9784,,24
fuxi,73.6828,0.996,0.7565,0.977,0.6731,0.9641,,48
fuxi,123.6812,0.9887,0.979,0.9613,0.8184,0.9467,,72
fuxi,189.3427,0.9737,1.2548,0.9361,0.9888,0.9221,,96
fuxi,268.9281,0.9472,1.5839,0.8975,1.1992,0.8854,,120
fuxi,339.9483,0.9147,1.8251,0.858,1.3534,0.8467,,144
fuxi,416.8578,0.8698,2.128,0.8018,1.5462,0.796,,168
fuxi,494.6682,0.8127,2.4396,0.7325,1.729,0.7413,,192
fuxi,571.5179,0.7421,2.7506,0.6513,1.9044,0.6831,,216
fuxi,638.5686,0.6669,3.0162,0.5705,2.0567,0.6285,,240
gencast,39.5769,0.9988,0.5404,0.9884,0.4838,0.9816,86400.0,24
gencast,74.825,0.9958,0.7474,0.9776,0.6349,0.9681,172800.0,48
gencast,123.5284,0.9887,0.9545,0.9631,0.773,0.9524,259200.0,72
gencast,184.5034,0.975,1.1972,0.9414,0.9246,0.9312,345600.0,96
gencast,255.1346,0.9522,1.4739,0.9097,1.1021,0.901,432000.0,120
gencast,330.2943,0.9194,1.7688,0.867,1.2886,0.8626,518400.0,144
gencast,406.046,0.8765,2.0508,0.8166,1.4665,0.8185,604800.0,168
gencast,482.4771,0.8219,2.327,0.7576,1.6307,0.7712,691200.0,192
gencast,556.1606,0.7558,2.6075,0.6856,1.7884,0.7196,777600.0,216
gencast,619.7348,0.6857,2.8398,0.6128,1.9181,0.6711,864000.0,240
neuralgcm,37.5173,0.999,0.5417,0.9883,,,,24
neuralgcm,67.7563,0.9966,0.7436,0.9778,,,,48
neuralgcm,114.4769,0.9903,0.9556,0.9631,,,,72
neuralgcm,178.5424,0.9766,1.2251,0.939,,,,96
neuralgcm,259.7939,0.9509,1.5765,0.8986,,,,120
neuralgcm,357.446,0.9078,1.9618,0.8423,,,,144
neuralgcm,464.1382,0.8458,2.3818,0.7671,,,,168
neuralgcm,572.4737,0.7667,2.7932,0.6786,,,,192
neuralgcm,686.6442,0.6646,3.2234,0.5735,,,,216
neuralgcm,780.7409,0.5681,3.5926,0.475,,,,240
ifs-ens,44.9292,0.9985,0.7035,0.9802,0.7915,0.9501,,24
ifs-ens,80.4817,0.9952,0.8796,0.9688,0.8926,0.936,,48
ifs-ens,131.5291,0.9872,1.0813,0.9524,1.0046,0.9182,,72
ifs-ens,195.0861,0.972,1.3208,0.9282,1.1353,0.8942,,96
ifs-ens,268.6044,0.9469,1.5838,0.8948,1.2846,0.8623,,120
ifs-ens,344.5928,0.912,1.8602,0.8516,1.443,0.8232,,144
ifs-ens,424.2846,0.8644,2.1362,0.7992,1.6011,0.7779,,168
ifs-ens,504.2432,0.8036,2.4193,0.7346,1.7549,0.7275,,192
ifs-ens,576.8827,0.734,2.6915,0.6599,1.9043,0.6721,,216
ifs-ens,639.1659,0.6607,2.9247,0.5809,2.0366,0.6162,,240
