model,variable,lead_h,rmse,acc,n_inits
gefs,t2m,12,1.39,0.858,1
gefs,t2m,24,1.615,0.798,1
gefs,t2m,36,1.477,0.821,1
gefs,t2m,48,1.675,0.772,1
gefs,t2m,60,1.607,0.776,1
gefs,t2m,72,1.765,0.724,1
gefs,t2m,84,1.72,0.736,1
gefs,t2m,96,1.812,0.685,1
gefs,t2m,108,1.741,0.691,1
gefs,t2m,120,1.882,0.656,1
gefs,t2m,132,1.856,0.678,1
gefs,t2m,144,2.008,0.64,1
gefs,t2m,156,1.862,0.703,1
gefs,t2m,168,2.043,0.62,1
gefs,z500,12,7.354,0.985,1
gefs,z500,24,9.207,0.999,1
gefs,z500,36,11.2,0.998,1
gefs,z500,48,13.207,0.984,1
gefs,z500,60,16.874,0.967,1
gefs,z500,72,19.667,0.943,1
gefs,z500,84,23.473,0.93,1
gefs,z500,96,28.77,0.917,1
gefs,z500,108,31.399,0.913,1
gefs,z500,120,32.66,0.902,1
gefs,z500,132,35.491,0.896,1
gefs,z500,144,39.489,0.89,1
gefs,z500,156,42.326,0.875,1
gefs,z500,168,43.782,0.858,1
graphcast,t2m,12,0.384,0.99,1
graphcast,t2m,24,0.463,0.985,1
graphcast,t2m,36,0.57,0.976,1
graphcast,t2m,48,0.606,0.973,1
graphcast,t2m,60,0.709,0.962,1
graphcast,t2m,72,0.78,0.951,1
graphcast,t2m,84,0.865,0.939,1
graphcast,t2m,96,0.883,0.935,1
graphcast,t2m,108,0.95,0.921,1
graphcast,t2m,120,1.024,0.905,1
graphcast,t2m,132,1.135,0.883,1
graphcast,t2m,144,1.284,0.85,1
graphcast,t2m,156,1.426,0.822,1
graphcast,t2m,168,1.537,0.795,1
graphcast,z500,12,2.792,0.999,1
graphcast,z500,24,3.975,0.999,1
graphcast,z500,36,5.87,0.997,1
graphcast,z500,48,7.704,0.995,1
graphcast,z500,60,10.204,0.991,1
graphcast,z500,72,12.857,0.986,1
graphcast,z500,84,16.26,0.978,1
graphcast,z500,96,19.155,0.97,1
graphcast,z500,108,21.704,0.96,1
graphcast,z500,120,24.853,0.947,1
graphcast,z500,132,29.47,0.93,1
graphcast,z500,144,35.391,0.903,1
graphcast,z500,156,40.434,0.881,1
graphcast,z500,168,43.957,0.859,1
ifs-hres,t2m,12,0.803,0.954,1
ifs-hres,t2m,24,0.791,0.955,1
ifs-hres,t2m,36,0.944,0.933,1
ifs-hres,t2m,48,0.933,0.935,1
ifs-hres,t2m,60,1.049,0.916,1
ifs-hres,t2m,72,1.088,0.903,1
ifs-hres,t2m,84,1.205,0.884,1
ifs-hres,t2m,96,1.199,0.881,1
ifs-hres,t2m,108,1.311,0.857,1
ifs-hres,t2m,120,1.342,0.84,1
ifs-hres,t2m,132,1.512,0.804,1
ifs-hres,t2m,144,1.621,0.767,1
ifs-hres,t2m,156,1.691,0.769,1
ifs-hres,t2m,168,1.842,0.723,1
ifs-hres,z500,12,3.643,0.999,1
ifs-hres,z500,24,4.706,0.998,1
ifs-hres,z500,36,6.662,0.997,1
ifs-hres,z500,48,9.16,0.993,1
ifs-hres,z500,60,12.469,0.987,1
ifs-hres,z500,72,16.191,0.978,1
ifs-hres,z500,84,19.875,0.968,1
ifs-hres,z500,96,24.227,0.952,1
ifs-hres,z500,108,28.615,0.932,1
ifs-hres,z500,120,33.24,0.909,1
ifs-hres,z500,132,37.698,0.889,1
ifs-hres,z500,144,42.345,0.868,1
ifs-hres,z500,156,45.839,0.858,1
ifs-hres,z500,168,47.402,0.852,1
pangu,t2m,12,0.488,0.983,1
pangu,t2m,24,0.533,0.98,1
pangu,t2m,36,0.708,0.963,1
pangu,t2m,48,0.698,0.964,1
pangu,t2m,60,0.841,0.947,1
pangu,t2m,72,0.87,0.939,1
pangu,t2m,84,1.059,0.911,1
pangu,t2m,96,1.064,0.908,1
pangu,t2m,108,1.201,0.88,1
pangu,t2m,120,1.227,0.871,1
pangu,t2m,132,1.359,0.841,1
pangu,t2m,144,1.462,0.815,1
pangu,t2m,156,1.545,0.798,1
pangu,t2m,168,1.594,0.786,1
pangu,z500,12,3.021,0.999,1
pangu,z500,24,4.462,0.999,1
pangu,z500,36,6.15,0.997,1
pangu,z500,48,7.296,0.996,1
pangu,z500,60,9.863,0.992,1
pangu,z500,72,12.652,0.987,1
pangu,z500,84,15.906,0.979,1
pangu,z500,96,19.574,0.969,1
pangu,z500,108,22.98,0.956,1
pangu,z500,120,25.476,0.945,1
pangu,z500,132,29.692,0.929,1
pangu,z500,144,34.327,0.91,1
pangu,z500,156,38.912,0.89,1
pangu,z500,168,42.677,0.869,1
