model,grid,z500_rmse,z500_acc,t850_rmse,t850_acc,t2m_rmse,t2m_acc,lead_time_secs,lead_h
fuxi,1.5deg,4.18,0.999,0.545,0.99,0.494,0.983,,24
fuxi,1.5deg,8.254,0.994,0.771,0.978,0.654,0.969,,48
fuxi,1.5deg,14.068,0.984,1.028,0.958,0.816,0.947,,72
fuxi,1.5deg,21.78,0.961,1.369,0.919,0.96,0.925,,96
fuxi,1.5deg,27.137,0.937,1.569,0.887,1.051,0.903,,120
fuxi,1.5deg,33.877,0.911,1.752,0.849,1.221,0.862,,144
fuxi,1.5deg,40.323,0.88,2.084,0.793,1.388,0.831,,168
fuxi,1.5deg,48.701,0.787,2.468,0.692,1.687,0.74,,192
fuxi,1.5deg,54.261,0.685,2.852,0.544,1.938,0.613,,216
fuxi,1.5deg,62.18,0.587,2.954,0.507,1.998,0.582,,240
fuxi,1.5deg,69.032,0.5,3.0,0.52,1.974,0.579,,264
fuxi,1.5deg,78.041,0.402,3.399,0.371,2.082,0.541,,288
fuxi,1.5deg,86.925,0.319,3.506,0.29,2.272,0.46,,312
fuxi,1.5deg,87.552,0.265,3.54,0.303,2.357,0.45,,336
fuxi,1.5deg,83.741,0.243,3.546,0.291,2.479,0.41,,360
gencast,1.5deg,3.881,0.999,0.539,0.99,0.446,0.986,86400.0,24
gencast,1.5deg,7.724,0.995,0.739,0.98,0.605,0.973,172800.0,48
gencast,1.5deg,13.364,0.985,1.028,0.958,0.797,0.949,259200.0,72
gencast,1.5deg,20.839,0.964,1.339,0.922,0.917,0.931,345600.0,96
gencast,1.5deg,26.563,0.94,1.498,0.896,1.023,0.907,432000.0,120
gencast,1.5deg,32.977,0.916,1.756,0.849,1.182,0.873,518400.0,144
gencast,1.5deg,37.474,0.898,1.994,0.812,1.322,0.848,604800.0,168
gencast,1.5deg,44.071,0.826,2.305,0.735,1.545,0.783,691200.0,192
gencast,1.5deg,52.092,0.706,2.642,0.598,1.764,0.662,777600.0,216
gencast,1.5deg,59.844,0.61,2.779,0.54,1.812,0.625,864000.0,240
gencast,1.5deg,67.414,0.516,3.05,0.49,1.891,0.612,950400.0,264
gencast,1.5deg,78.637,0.376,3.416,0.346,1.996,0.581,1036800.0,288
gencast,1.5deg,87.983,0.282,3.505,0.272,2.165,0.512,1123200.0,312
gencast,1.5deg,87.865,0.254,3.532,0.296,2.222,0.52,1209600.0,336
gencast,1.5deg,84.427,0.232,3.565,0.272,2.363,0.469,1296000.0,360
neuralgcm,1.5deg,3.773,0.999,0.53,0.99,,,,24
neuralgcm,1.5deg,7.055,0.996,0.734,0.98,,,,48
neuralgcm,1.5deg,12.842,0.986,1.018,0.959,,,,72
neuralgcm,1.5deg,20.481,0.966,1.365,0.92,,,,96
neuralgcm,1.5deg,25.252,0.946,1.594,0.886,,,,120
neuralgcm,1.5deg,33.547,0.915,1.938,0.828,,,,144
neuralgcm,1.5deg,40.701,0.884,2.164,0.794,,,,168
neuralgcm,1.5deg,49.04,0.81,2.467,0.719,,,,192
neuralgcm,1.5deg,60.471,0.673,2.89,0.58,,,,216
neuralgcm,1.5deg,71.217,0.554,3.094,0.536,,,,240
neuralgcm,1.5deg,77.711,0.489,3.21,0.537,,,,264
neuralgcm,1.5deg,86.353,0.421,3.736,0.398,,,,288
neuralgcm,1.5deg,103.349,0.246,4.163,0.264,,,,312
neuralgcm,1.5deg,113.66,0.081,4.416,0.21,,,,336
neuralgcm,1.5deg,119.197,0.016,4.697,0.115,,,,360
ifs-ens,1.5deg,4.75,0.998,0.701,0.983,0.763,0.958,,24
ifs-ens,1.5deg,8.951,0.993,0.88,0.972,0.899,0.94,,48
ifs-ens,1.5deg,14.953,0.981,1.178,0.945,1.02,0.914,,72
ifs-ens,1.5deg,21.898,0.961,1.426,0.911,1.093,0.899,,96
ifs-ens,1.5deg,26.517,0.94,1.541,0.89,1.178,0.873,,120
ifs-ens,1.5deg,32.842,0.917,1.72,0.855,1.352,0.829,,144
ifs-ens,1.5deg,36.96,0.9,2.051,0.802,1.494,0.801,,168
ifs-ens,1.5deg,42.67,0.838,2.363,0.723,1.62,0.758,,192
ifs-ens,1.5deg,48.302,0.752,2.571,0.631,1.681,0.691,,216
ifs-ens,1.5deg,57.064,0.653,2.676,0.585,1.8,0.623,,240
ifs-ens,1.5deg,66.002,0.544,2.983,0.52,1.956,0.571,,264
ifs-ens,1.5deg,75.222,0.455,3.263,0.426,2.036,0.553,,288
ifs-ens,1.5deg,84.178,0.384,3.316,0.387,2.103,0.543,,312
ifs-ens,1.5deg,83.787,0.369,3.444,0.353,2.142,0.568,,336
ifs-ens,1.5deg,79.267,0.38,3.451,0.348,2.291,0.51,,360
ifs-hres,1.5deg,4.706,0.998,0.693,0.983,0.791,0.955,,24
ifs-hres,1.5deg,9.16,0.993,0.923,0.969,0.933,0.935,,48
ifs-hres,1.5deg,16.191,0.978,1.262,0.938,1.088,0.903,,72
ifs-hres,1.5deg,24.227,0.952,1.617,0.891,1.199,0.881,,96
ifs-hres,1.5deg,33.24,0.909,1.85,0.849,1.342,0.84,,120
ifs-hres,1.5deg,42.345,0.868,2.226,0.778,1.621,0.767,,144
ifs-hres,1.5deg,47.402,0.852,2.652,0.715,1.842,0.723,,168
ifs-hres,1.5deg,54.938,0.774,3.061,0.627,2.001,0.677,,192
ifs-hres,1.5deg,64.807,0.647,3.345,0.53,2.083,0.613,,216
ifs-hres,1.5deg,77.151,0.492,3.706,0.405,2.476,0.459,,240
graphcast,1.5deg,3.975,0.999,0.519,0.99,0.463,0.985,,24
graphcast,1.5deg,7.704,0.995,0.738,0.98,0.606,0.973,,48
graphcast,1.5deg,12.857,0.986,0.991,0.961,0.78,0.951,,72
graphcast,1.5deg,19.155,0.97,1.281,0.928,0.883,0.935,,96
graphcast,1.5deg,24.853,0.947,1.464,0.901,1.024,0.905,,120
graphcast,1.5deg,35.391,0.903,1.833,0.839,1.284,0.85,,144
graphcast,1.5deg,43.957,0.859,2.276,0.762,1.537,0.795,,168
graphcast,1.5deg,50.886,0.781,2.632,0.673,1.734,0.734,,192
graphcast,1.5deg,57.402,0.687,2.931,0.577,1.97,0.626,,216
graphcast,1.5deg,71.109,0.524,3.171,0.501,2.198,0.536,,240
pangu,1.5deg,4.462,0.999,0.61,0.987,0.533,0.98,,24
pangu,1.5deg,7.296,0.996,0.803,0.977,0.698,0.964,,48
pangu,1.5deg,12.652,0.987,1.073,0.955,0.87,0.939,,72
pangu,1.5deg,19.574,0.969,1.408,0.915,1.064,0.908,,96
pangu,1.5deg,25.476,0.945,1.617,0.881,1.227,0.871,,120
pangu,1.5deg,34.327,0.91,2.032,0.808,1.462,0.815,,144
pangu,1.5deg,42.677,0.869,2.33,0.758,1.594,0.786,,168
pangu,1.5deg,49.224,0.799,2.595,0.689,1.838,0.707,,192
pangu,1.5deg,59.274,0.666,3.038,0.543,2.024,0.605,,216
pangu,1.5deg,74.381,0.492,3.364,0.46,2.286,0.494,,240
