model,z500_spread,t850_spread,t2m_spread,lead_h
aifs-single,4.415,0.724,0.782,12
aifs-single,5.304,0.745,0.8,24
aifs-single,6.127,0.72,0.858,36
aifs-single,7.012,0.808,0.822,48
aifs-single,8.144,0.79,0.9,60
aifs-single,9.727,0.832,0.88,72
aifs-single,12.277,0.903,0.957,84
aifs-single,14.985,0.947,1.004,96
aifs-single,17.405,1.021,1.052,108
aifs-single,19.454,1.069,1.028,120
aifs-single,20.643,1.132,1.059,132
aifs-single,23.29,1.206,1.088,144
aifs-single,25.992,1.341,1.134,156
aifs-single,28.16,1.471,1.209,168
ifs-hres,4.048,0.773,0.781,12
ifs-hres,4.783,0.813,0.791,24
ifs-hres,5.997,0.786,0.877,36
ifs-hres,7.623,0.904,0.903,48
ifs-hres,9.338,0.936,0.988,60
ifs-hres,10.756,1.015,0.957,72
ifs-hres,12.866,1.085,1.052,84
ifs-hres,15.286,1.151,1.025,96
ifs-hres,17.416,1.209,1.069,108
ifs-hres,20.284,1.281,1.104,120
ifs-hres,22.99,1.359,1.167,132
ifs-hres,25.918,1.432,1.132,144
ifs-hres,29.439,1.533,1.25,156
ifs-hres,33.458,1.631,1.29,168
aigfs,4.488,0.704,0.672,12
aigfs,5.195,0.721,0.683,24
aigfs,5.749,0.678,0.758,36
aigfs,6.867,0.762,0.741,48
aigfs,8.409,0.769,0.846,60
aigfs,9.53,0.847,0.828,72
aigfs,11.759,0.925,0.965,84
aigfs,14.938,1.015,0.945,96
aigfs,18.293,1.1,1.069,108
aigfs,21.913,1.172,1.055,120
aigfs,25.11,1.259,1.149,132
aigfs,27.803,1.336,1.149,144
aigfs,29.501,1.477,1.223,156
aigfs,31.806,1.622,1.349,168
gfs,4.142,0.794,0.787,12
gfs,5.134,0.856,0.82,24
gfs,6.649,0.863,0.892,36
gfs,8.685,0.989,0.89,48
gfs,10.37,0.991,0.976,60
gfs,11.855,1.089,0.973,72
gfs,14.529,1.103,0.998,84
gfs,17.48,1.182,1.066,96
gfs,20.076,1.251,1.075,108
gfs,21.346,1.336,1.132,120
gfs,22.065,1.417,1.182,132
gfs,24.05,1.415,1.198,144
gfs,27.612,1.437,1.215,156
gfs,31.825,1.543,1.315,168
