init,model,variable,week,rmse,acc
2020-10-01T00,ifs-ext,t2m,1,0.8596,0.8588
2020-10-01T00,ifs-ext,t2m,2,1.2092,0.7227
2020-10-01T00,ifs-ext,t2m,3,1.8174,0.4063
2020-10-01T00,ifs-ext,t2m,4,1.9957,0.206
2020-10-01T00,ifs-ext,t2m,5,1.834,0.2916
2020-10-01T00,ifs-ext,t2m,6,1.9187,0.4509
2020-10-01T00,ifs-ext,z500,1,16.7374,0.939
2020-10-01T00,ifs-ext,z500,2,34.3929,0.7999
2020-10-01T00,ifs-ext,z500,3,62.7826,0.3545
2020-10-01T00,ifs-ext,z500,4,66.8889,0.0338
2020-10-01T00,ifs-ext,z500,5,63.2476,0.2621
2020-10-01T00,ifs-ext,z500,6,61.2533,0.4182
2020-10-01T00,ifs-ext,tp,1,1.8713,0.7897
2020-10-01T00,ifs-ext,tp,2,2.7052,0.4061
2020-10-01T00,ifs-ext,tp,3,2.7729,0.2215
2020-10-01T00,ifs-ext,tp,4,3.1553,0.1582
2020-10-01T00,ifs-ext,tp,5,2.996,0.1745
2020-10-01T00,ifs-ext,tp,6,3.1293,0.216
2020-10-01T00,gefs,t2m,1,1.2771,0.7707
2020-10-01T00,gefs,t2m,2,1.5287,0.5807
2020-10-01T00,gefs,t2m,3,1.918,0.3847
2020-10-01T00,gefs,t2m,4,2.0311,0.248
2020-10-01T00,gefs,t2m,5,1.96,0.2972
2020-10-01T00,gefs,z500,1,15.0688,0.9432
2020-10-01T00,gefs,z500,2,35.8768,0.7845
2020-10-01T00,gefs,z500,3,65.4646,0.2247
2020-10-01T00,gefs,z500,4,65.4399,-0.0879
2020-10-01T00,gefs,z500,5,61.8497,0.2843
2020-10-01T00,gefs,tp,1,2.1067,0.7357
2020-10-01T00,gefs,tp,2,2.7163,0.4335
2020-10-01T00,gefs,tp,3,2.7443,0.3259
2020-10-01T00,gefs,tp,4,3.1498,0.2728
2020-10-01T00,gefs,tp,5,3.1249,0.1919
2020-10-01T00,cfsv2,t2m,1,1.1883,0.7812
2020-10-01T00,cfsv2,t2m,2,1.7791,0.5101
2020-10-01T00,cfsv2,t2m,3,2.4199,0.1822
2020-10-01T00,cfsv2,t2m,4,2.3445,0.2006
2020-10-01T00,cfsv2,t2m,5,2.2292,0.3102
2020-10-01T00,cfsv2,t2m,6,2.8989,0.0253
2020-10-01T00,cfsv2,z500,1,21.0477,0.9029
2020-10-01T00,cfsv2,z500,2,52.9104,0.5324
2020-10-01T00,cfsv2,z500,3,84.2463,-0.0973
2020-10-01T00,cfsv2,z500,4,80.5804,0.0675
2020-10-01T00,cfsv2,z500,5,81.7981,0.1704
2020-10-01T00,cfsv2,z500,6,87.408,0.1063
2020-10-01T00,cfsv2,tp,1,3.031,0.5179
2020-10-01T00,cfsv2,tp,2,4.1937,0.0332
2020-10-01T00,cfsv2,tp,3,4.4383,0.0941
2020-10-01T00,cfsv2,tp,4,4.8176,-0.007
2020-10-01T00,cfsv2,tp,5,4.4502,0.0243
2020-10-01T00,cfsv2,tp,6,4.4551,0.1565
2020-10-01T00,persistence,t2m,1,1.9992,0.4607
2020-10-01T00,persistence,t2m,2,1.8419,0.5174
2020-10-01T00,persistence,t2m,3,2.1912,0.3959
2020-10-01T00,persistence,t2m,4,2.1503,0.3731
2020-10-01T00,persistence,t2m,5,2.2653,0.2501
2020-10-01T00,persistence,t2m,6,2.2566,0.3495
2020-10-01T00,persistence,z500,1,67.2369,0.2506
2020-10-01T00,persistence,z500,2,74.5146,0.0985
2020-10-01T00,persistence,z500,3,87.0047,-0.0438
2020-10-01T00,persistence,z500,4,80.4973,0.0362
2020-10-01T00,persistence,z500,5,91.7131,-0.1411
2020-10-01T00,persistence,z500,6,95.494,-0.2094
2020-10-01T00,persistence,tp,1,3.7051,0.093
2020-10-01T00,persistence,tp,2,3.7018,0.1182
2020-10-01T00,persistence,tp,3,3.6538,0.0958
2020-10-01T00,persistence,tp,4,3.8286,0.0606
2020-10-01T00,persistence,tp,5,3.8769,0.019
2020-10-01T00,persistence,tp,6,4.0282,-0.0379
2020-10-01T00,climatology,t2m,1,1.9184,
2020-10-01T00,climatology,t2m,2,1.8125,
2020-10-01T00,climatology,t2m,3,2.0512,
2020-10-01T00,climatology,t2m,4,1.9093,
2020-10-01T00,climatology,t2m,5,1.7616,
2020-10-01T00,climatology,t2m,6,2.0234,
2020-10-01T00,climatology,z500,1,53.9541,
2020-10-01T00,climatology,z500,2,55.1242,
2020-10-01T00,climatology,z500,3,64.3023,
2020-10-01T00,climatology,z500,4,60.0199,
2020-10-01T00,climatology,z500,5,65.2807,
2020-10-01T00,climatology,z500,6,66.6313,
2020-10-01T00,climatology,tp,1,2.994,
2020-10-01T00,climatology,tp,2,3.058,
2020-10-01T00,climatology,tp,3,2.9322,
2020-10-01T00,climatology,tp,4,3.0719,
2020-10-01T00,climatology,tp,5,3.0283,
2020-10-01T00,climatology,tp,6,3.0825,
2020-10-05T00,ifs-ext,t2m,1,0.8678,0.8527
2020-10-05T00,ifs-ext,t2m,2,1.485,0.6231
2020-10-05T00,ifs-ext,t2m,3,1.8837,0.3207
2020-10-05T00,ifs-ext,t2m,4,1.9014,0.2103
2020-10-05T00,ifs-ext,t2m,5,1.9181,0.3684
2020-10-05T00,ifs-ext,t2m,6,2.0097,0.3882
2020-10-05T00,ifs-ext,z500,1,14.2525,0.9598
2020-10-05T00,ifs-ext,z500,2,45.4693,0.7266
2020-10-05T00,ifs-ext,z500,3,62.9332,0.1522
2020-10-05T00,ifs-ext,z500,4,66.7988,0.0139
2020-10-05T00,ifs-ext,z500,5,57.4547,0.4445
2020-10-05T00,ifs-ext,z500,6,62.4573,0.2875
2020-10-05T00,ifs-ext,tp,1,1.8445,0.6973
2020-10-05T00,ifs-ext,tp,2,2.5231,0.5116
2020-10-05T00,ifs-ext,tp,3,2.8946,0.1821
2020-10-05T00,ifs-ext,tp,4,3.0397,0.1487
2020-10-05T00,ifs-ext,tp,5,3.3602,0.2013
2020-10-05T00,ifs-ext,tp,6,2.8219,0.2838
2020-10-05T00,gefs,t2m,1,1.3643,0.726
2020-10-05T00,gefs,t2m,2,1.6322,0.556
2020-10-05T00,gefs,t2m,3,1.8938,0.37
2020-10-05T00,gefs,t2m,4,1.8832,0.2883
2020-10-05T00,gefs,t2m,5,1.9721,0.3831
2020-10-05T00,gefs,z500,1,17.6299,0.9425
2020-10-05T00,gefs,z500,2,47.9568,0.6862
2020-10-05T00,gefs,z500,3,57.4072,0.239
2020-10-05T00,gefs,z500,4,63.6089,0.0855
2020-10-05T00,gefs,z500,5,61.6235,0.2762
2020-10-05T00,gefs,tp,1,1.9397,0.6792
2020-10-05T00,gefs,tp,2,2.5931,0.5044
2020-10-05T00,gefs,tp,3,2.8666,0.3054
2020-10-05T00,gefs,tp,4,3.1829,0.1647
2020-10-05T00,gefs,tp,5,3.38,0.2427
2020-10-05T00,cfsv2,t2m,1,1.2679,0.7399
2020-10-05T00,cfsv2,t2m,2,2.0704,0.4138
2020-10-05T00,cfsv2,t2m,3,2.3964,0.1808
2020-10-05T00,cfsv2,t2m,4,2.383,0.1504
2020-10-05T00,cfsv2,t2m,5,2.3952,0.2737
2020-10-05T00,cfsv2,t2m,6,2.4467,0.2497
2020-10-05T00,cfsv2,z500,1,22.3723,0.9088
2020-10-05T00,cfsv2,z500,2,70.5569,0.326
2020-10-05T00,cfsv2,z500,3,80.8763,-0.1042
2020-10-05T00,cfsv2,z500,4,81.1141,-0.0087
2020-10-05T00,cfsv2,z500,5,81.0046,0.1975
2020-10-05T00,cfsv2,z500,6,80.6926,0.1738
2020-10-05T00,cfsv2,tp,1,2.7971,0.4747
2020-10-05T00,cfsv2,tp,2,3.9386,0.1658
2020-10-05T00,cfsv2,tp,3,4.4908,0.1712
2020-10-05T00,cfsv2,tp,4,4.6487,0.0724
2020-10-05T00,cfsv2,tp,5,4.6106,0.0305
2020-10-05T00,cfsv2,tp,6,4.3981,0.1075
2020-10-05T00,persistence,t2m,1,1.6206,0.625
2020-10-05T00,persistence,t2m,2,2.0653,0.4241
2020-10-05T00,persistence,t2m,3,2.1698,0.3734
2020-10-05T00,persistence,t2m,4,2.2522,0.2349
2020-10-05T00,persistence,t2m,5,2.5525,0.109
2020-10-05T00,persistence,t2m,6,2.5267,0.1902
2020-10-05T00,persistence,z500,1,68.6407,0.2695
2020-10-05T00,persistence,z500,2,78.7151,0.1269
2020-10-05T00,persistence,z500,3,79.9263,0.0222
2020-10-05T00,persistence,z500,4,85.7193,-0.0368
2020-10-05T00,persistence,z500,5,98.3564,-0.3144
2020-10-05T00,persistence,z500,6,91.5814,-0.1228
2020-10-05T00,persistence,tp,1,3.7778,0.1457
2020-10-05T00,persistence,tp,2,3.8596,0.1091
2020-10-05T00,persistence,tp,3,3.9004,0.0528
2020-10-05T00,persistence,tp,4,3.8316,0.0916
2020-10-05T00,persistence,tp,5,4.1248,0.0473
2020-10-05T00,persistence,tp,6,3.8648,0.093
2020-10-05T00,climatology,t2m,1,1.8513,
2020-10-05T00,climatology,t2m,2,1.9569,
2020-10-05T00,climatology,t2m,3,1.9836,
2020-10-05T00,climatology,t2m,4,1.7462,
2020-10-05T00,climatology,t2m,5,1.9332,
2020-10-05T00,climatology,t2m,6,2.074,
2020-10-05T00,climatology,z500,1,56.212,
2020-10-05T00,climatology,z500,2,61.679,
2020-10-05T00,climatology,z500,3,56.9505,
2020-10-05T00,climatology,z500,4,61.6267,
2020-10-05T00,climatology,z500,5,63.8767,
2020-10-05T00,climatology,z500,6,64.702,
2020-10-05T00,climatology,tp,1,3.0434,
2020-10-05T00,climatology,tp,2,3.0464,
2020-10-05T00,climatology,tp,3,2.9381,
2020-10-05T00,climatology,tp,4,2.9547,
2020-10-05T00,climatology,tp,5,3.228,
2020-10-05T00,climatology,tp,6,3.0056,
2020-10-08T00,ifs-ext,t2m,1,0.875,0.8558
2020-10-08T00,ifs-ext,t2m,2,1.5034,0.6181
2020-10-08T00,ifs-ext,t2m,3,1.7984,0.3338
2020-10-08T00,ifs-ext,t2m,4,1.7549,0.3303
2020-10-08T00,ifs-ext,t2m,5,1.9811,0.3937
2020-10-08T00,ifs-ext,t2m,6,2.1904,0.2773
2020-10-08T00,ifs-ext,z500,1,15.577,0.9721
2020-10-08T00,ifs-ext,z500,2,50.795,0.6603
2020-10-08T00,ifs-ext,z500,3,65.084,0.1242
2020-10-08T00,ifs-ext,z500,4,61.7327,0.316
2020-10-08T00,ifs-ext,z500,5,62.6009,0.3782
2020-10-08T00,ifs-ext,z500,6,68.4008,-0.035
2020-10-08T00,ifs-ext,tp,1,2.1209,0.6819
2020-10-08T00,ifs-ext,tp,2,2.59,0.3712
2020-10-08T00,ifs-ext,tp,3,3.1169,0.197
2020-10-08T00,ifs-ext,tp,4,2.9986,0.1704
2020-10-08T00,ifs-ext,tp,5,3.1158,0.2293
2020-10-08T00,ifs-ext,tp,6,3.0658,0.2199
2020-10-08T00,gefs,t2m,1,1.2512,0.7437
2020-10-08T00,gefs,t2m,2,1.6971,0.5586
2020-10-08T00,gefs,t2m,3,1.9503,0.304
2020-10-08T00,gefs,t2m,4,1.9191,0.2949
2020-10-08T00,gefs,t2m,5,1.975,0.4693
2020-10-08T00,gefs,z500,1,15.5177,0.9754
2020-10-08T00,gefs,z500,2,55.6153,0.5577
2020-10-08T00,gefs,z500,3,66.5736,0.0574
2020-10-08T00,gefs,z500,4,66.7422,0.1385
2020-10-08T00,gefs,z500,5,64.9099,0.2755
2020-10-08T00,gefs,tp,1,2.232,0.6642
2020-10-08T00,gefs,tp,2,2.7177,0.3642
2020-10-08T00,gefs,tp,3,3.0588,0.3168
2020-10-08T00,gefs,tp,4,3.0887,0.2073
2020-10-08T00,gefs,tp,5,3.1879,0.2467
2020-10-08T00,cfsv2,t2m,1,1.2784,0.731
2020-10-08T00,cfsv2,t2m,2,1.9368,0.4758
2020-10-08T00,cfsv2,t2m,3,2.3211,0.2239
2020-10-08T00,cfsv2,t2m,4,2.4336,0.255
2020-10-08T00,cfsv2,t2m,5,2.4199,0.4118
2020-10-08T00,cfsv2,t2m,6,2.6291,0.2375
2020-10-08T00,cfsv2,z500,1,22.5323,0.9274
2020-10-08T00,cfsv2,z500,2,62.6614,0.4654
2020-10-08T00,cfsv2,z500,3,86.6197,-0.0175
2020-10-08T00,cfsv2,z500,4,74.8613,0.2452
2020-10-08T00,cfsv2,z500,5,89.1588,0.0411
2020-10-08T00,cfsv2,z500,6,80.1687,0.0285
2020-10-08T00,cfsv2,tp,1,2.9474,0.4688
2020-10-08T00,cfsv2,tp,2,3.9901,0.1585
2020-10-08T00,cfsv2,tp,3,4.3918,0.1458
2020-10-08T00,cfsv2,tp,4,4.1343,0.1134
2020-10-08T00,cfsv2,tp,5,4.7425,0.0427
2020-10-08T00,cfsv2,tp,6,4.5558,0.0179
2020-10-08T00,persistence,t2m,1,1.756,0.5582
2020-10-08T00,persistence,t2m,2,2.2512,0.3583
2020-10-08T00,persistence,t2m,3,2.2569,0.3047
2020-10-08T00,persistence,t2m,4,2.311,0.2135
2020-10-08T00,persistence,t2m,5,2.6709,0.0825
2020-10-08T00,persistence,t2m,6,2.6024,0.1929
2020-10-08T00,persistence,z500,1,60.6659,0.3815
2020-10-08T00,persistence,z500,2,76.7449,0.1666
2020-10-08T00,persistence,z500,3,72.4821,0.1945
2020-10-08T00,persistence,z500,4,76.3697,0.1903
2020-10-08T00,persistence,z500,5,92.3044,-0.1626
2020-10-08T00,persistence,z500,6,77.8925,0.0838
2020-10-08T00,persistence,tp,1,3.9187,0.1616
2020-10-08T00,persistence,tp,2,3.8926,0.1372
2020-10-08T00,persistence,tp,3,4.1081,0.0828
2020-10-08T00,persistence,tp,4,3.9615,0.1346
2020-10-08T00,persistence,tp,5,4.0738,0.1013
2020-10-08T00,persistence,tp,6,3.9799,0.1133
2020-10-08T00,climatology,t2m,1,1.8125,
2020-10-08T00,climatology,t2m,2,2.0512,
2020-10-08T00,climatology,t2m,3,1.9093,
2020-10-08T00,climatology,t2m,4,1.7616,
2020-10-08T00,climatology,t2m,5,2.0234,
2020-10-08T00,climatology,t2m,6,2.1671,
2020-10-08T00,climatology,z500,1,55.1242,
2020-10-08T00,climatology,z500,2,64.3023,
2020-10-08T00,climatology,z500,3,60.0199,
2020-10-08T00,climatology,z500,4,65.2807,
2020-10-08T00,climatology,z500,5,66.6313,
2020-10-08T00,climatology,z500,6,60.8803,
2020-10-08T00,climatology,tp,1,3.058,
2020-10-08T00,climatology,tp,2,2.9322,
2020-10-08T00,climatology,tp,3,3.0719,
2020-10-08T00,climatology,tp,4,3.0283,
2020-10-08T00,climatology,tp,5,3.0825,
2020-10-08T00,climatology,tp,6,2.9832,
2020-10-12T00,ifs-ext,t2m,1,0.8949,0.8595
2020-10-12T00,ifs-ext,t2m,2,1.4101,0.6257
2020-10-12T00,ifs-ext,t2m,3,1.5968,0.4062
2020-10-12T00,ifs-ext,t2m,4,1.8653,0.3706
2020-10-12T00,ifs-ext,t2m,5,2.017,0.3629
2020-10-12T00,ifs-ext,t2m,6,2.1804,0.3988
2020-10-12T00,ifs-ext,z500,1,16.6179,0.9982
2020-10-12T00,ifs-ext,z500,2,48.1245,0.644
2020-10-12T00,ifs-ext,z500,3,59.4828,0.3176
2020-10-12T00,ifs-ext,z500,4,56.0132,0.4863
2020-10-12T00,ifs-ext,z500,5,64.3909,0.2448
2020-10-12T00,ifs-ext,z500,6,60.615,0.0783
2020-10-12T00,ifs-ext,tp,1,1.8841,0.7517
2020-10-12T00,ifs-ext,tp,2,2.6848,0.3727
2020-10-12T00,ifs-ext,tp,3,2.94,0.2591
2020-10-12T00,ifs-ext,tp,4,3.339,0.2316
2020-10-12T00,ifs-ext,tp,5,2.8091,0.2997
2020-10-12T00,ifs-ext,tp,6,3.1553,0.1681
2020-10-12T00,gefs,t2m,1,1.2451,0.7761
2020-10-12T00,gefs,t2m,2,1.7859,0.4973
2020-10-12T00,gefs,t2m,3,1.7861,0.345
2020-10-12T00,gefs,t2m,4,1.8698,0.4158
2020-10-12T00,gefs,t2m,5,1.9364,0.4711
2020-10-12T00,gefs,z500,1,16.2984,1.0008
2020-10-12T00,gefs,z500,2,50.3079,0.5579
2020-10-12T00,gefs,z500,3,60.9024,0.1962
2020-10-12T00,gefs,z500,4,59.0751,0.3917
2020-10-12T00,gefs,z500,5,64.6978,0.1833
2020-10-12T00,gefs,tp,1,2.0453,0.7144
2020-10-12T00,gefs,tp,2,2.6977,0.4098
2020-10-12T00,gefs,tp,3,2.9878,0.2479
2020-10-12T00,gefs,tp,4,3.4734,0.1694
2020-10-12T00,gefs,tp,5,3.1005,0.1194
2020-10-12T00,cfsv2,t2m,1,1.2982,0.7563
2020-10-12T00,cfsv2,t2m,2,2.2459,0.3777
2020-10-12T00,cfsv2,t2m,3,2.3876,0.1942
2020-10-12T00,cfsv2,t2m,4,2.5308,0.1767
2020-10-12T00,cfsv2,t2m,5,2.6439,0.2401
2020-10-12T00,cfsv2,t2m,6,2.8972,0.2092
2020-10-12T00,cfsv2,z500,1,23.3553,0.9625
2020-10-12T00,cfsv2,z500,2,78.2578,0.2134
2020-10-12T00,cfsv2,z500,3,87.4911,-0.0377
2020-10-12T00,cfsv2,z500,4,82.1731,0.0703
2020-10-12T00,cfsv2,z500,5,97.8078,-0.2843
2020-10-12T00,cfsv2,z500,6,82.6805,-0.0059
2020-10-12T00,cfsv2,tp,1,2.658,0.5979
2020-10-12T00,cfsv2,tp,2,3.5413,0.2221
2020-10-12T00,cfsv2,tp,3,4.3115,0.0645
2020-10-12T00,cfsv2,tp,4,4.3692,0.1566
2020-10-12T00,cfsv2,tp,5,4.2609,0.1369
2020-10-12T00,cfsv2,tp,6,4.8348,0.036
2020-10-12T00,persistence,t2m,1,1.8937,0.5066
2020-10-12T00,persistence,t2m,2,2.183,0.3535
2020-10-12T00,persistence,t2m,3,2.1229,0.3047
2020-10-12T00,persistence,t2m,4,2.2876,0.2698
2020-10-12T00,persistence,t2m,5,2.5225,0.1779
2020-10-12T00,persistence,t2m,6,2.5218,0.3163
2020-10-12T00,persistence,z500,1,74.8503,0.1963
2020-10-12T00,persistence,z500,2,82.6584,-0.067
2020-10-12T00,persistence,z500,3,65.434,0.3862
2020-10-12T00,persistence,z500,4,77.1337,0.1797
2020-10-12T00,persistence,z500,5,77.5058,0.1841
2020-10-12T00,persistence,z500,6,73.1527,0.1263
2020-10-12T00,persistence,tp,1,3.6936,0.2643
2020-10-12T00,persistence,tp,2,4.048,0.0843
2020-10-12T00,persistence,tp,3,3.9911,0.1147
2020-10-12T00,persistence,tp,4,4.1139,0.1404
2020-10-12T00,persistence,tp,5,3.9762,0.1359
2020-10-12T00,persistence,tp,6,4.1963,0.0439
2020-10-12T00,climatology,t2m,1,1.9569,
2020-10-12T00,climatology,t2m,2,1.9836,
2020-10-12T00,climatology,t2m,3,1.7462,
2020-10-12T00,climatology,t2m,4,1.9332,
2020-10-12T00,climatology,t2m,5,2.074,
2020-10-12T00,climatology,t2m,6,2.3953,
2020-10-12T00,climatology,z500,1,61.679,
2020-10-12T00,climatology,z500,2,56.9505,
2020-10-12T00,climatology,z500,3,61.6267,
2020-10-12T00,climatology,z500,4,63.8767,
2020-10-12T00,climatology,z500,5,64.702,
2020-10-12T00,climatology,z500,6,54.4482,
2020-10-12T00,climatology,tp,1,3.0464,
2020-10-12T00,climatology,tp,2,2.9381,
2020-10-12T00,climatology,tp,3,2.9547,
2020-10-12T00,climatology,tp,4,3.228,
2020-10-12T00,climatology,tp,5,3.0056,
2020-10-12T00,climatology,tp,6,3.0257,
2020-10-15T00,ifs-ext,t2m,1,0.9086,0.8426
2020-10-15T00,ifs-ext,t2m,2,1.3883,0.6172
2020-10-15T00,ifs-ext,t2m,3,1.5725,0.4452
2020-10-15T00,ifs-ext,t2m,4,1.8686,0.4614
2020-10-15T00,ifs-ext,t2m,5,2.044,0.3596
2020-10-15T00,ifs-ext,t2m,6,1.9655,0.4747
2020-10-15T00,ifs-ext,z500,1,15.8136,0.9973
2020-10-15T00,ifs-ext,z500,2,41.4529,0.7381
2020-10-15T00,ifs-ext,z500,3,56.6684,0.4741
2020-10-15T00,ifs-ext,z500,4,59.9586,0.4678
2020-10-15T00,ifs-ext,z500,5,62.5217,0.1135
2020-10-15T00,ifs-ext,z500,6,55.8853,0.1057
2020-10-15T00,ifs-ext,tp,1,1.9512,0.6846
2020-10-15T00,ifs-ext,tp,2,2.7505,0.4884
2020-10-15T00,ifs-ext,tp,3,2.8855,0.2911
2020-10-15T00,ifs-ext,tp,4,3.0403,0.3014
2020-10-15T00,ifs-ext,tp,5,2.9823,0.3011
2020-10-15T00,ifs-ext,tp,6,2.7894,0.2132
2020-10-15T00,gefs,t2m,1,1.2917,0.7679
2020-10-15T00,gefs,t2m,2,1.6067,0.5626
2020-10-15T00,gefs,t2m,3,1.7226,0.419
2020-10-15T00,gefs,t2m,4,1.8988,0.4909
2020-10-15T00,gefs,t2m,5,1.956,0.4828
2020-10-15T00,gefs,z500,1,15.5945,0.9971
2020-10-15T00,gefs,z500,2,44.189,0.6929
2020-10-15T00,gefs,z500,3,55.5056,0.5143
2020-10-15T00,gefs,z500,4,65.7988,0.2475
2020-10-15T00,gefs,z500,5,61.6514,0.1176
2020-10-15T00,gefs,tp,1,2.0165,0.6734
2020-10-15T00,gefs,tp,2,2.8036,0.4772
2020-10-15T00,gefs,tp,3,3.0122,0.2623
2020-10-15T00,gefs,tp,4,3.2113,0.2238
2020-10-15T00,gefs,tp,5,3.1114,0.2403
2020-10-15T00,cfsv2,t2m,1,1.3285,0.7502
2020-10-15T00,cfsv2,t2m,2,1.9462,0.4744
2020-10-15T00,cfsv2,t2m,3,2.5014,0.1997
2020-10-15T00,cfsv2,t2m,4,2.695,0.1883
2020-10-15T00,cfsv2,t2m,5,2.9922,0.0743
2020-10-15T00,cfsv2,t2m,6,2.9482,0.1483
2020-10-15T00,cfsv2,z500,1,21.9821,0.9725
2020-10-15T00,cfsv2,z500,2,59.6425,0.4624
2020-10-15T00,cfsv2,z500,3,74.7469,0.2146
2020-10-15T00,cfsv2,z500,4,79.0148,0.1339
2020-10-15T00,cfsv2,z500,5,95.3803,-0.1306
2020-10-15T00,cfsv2,z500,6,99.1023,-0.2976
2020-10-15T00,cfsv2,tp,1,2.6044,0.5472
2020-10-15T00,cfsv2,tp,2,3.576,0.3295
2020-10-15T00,cfsv2,tp,3,4.3656,0.1124
2020-10-15T00,cfsv2,tp,4,4.2589,0.168
2020-10-15T00,cfsv2,tp,5,4.5141,0.0555
2020-10-15T00,cfsv2,tp,6,4.1847,0.1648
2020-10-15T00,persistence,t2m,1,1.8481,0.5483
2020-10-15T00,persistence,t2m,2,2.1541,0.3309
2020-10-15T00,persistence,t2m,3,1.985,0.3834
2020-10-15T00,persistence,t2m,4,2.3136,0.2762
2020-10-15T00,persistence,t2m,5,2.4818,0.2319
2020-10-15T00,persistence,t2m,6,2.3005,0.3861
2020-10-15T00,persistence,z500,1,78.6328,0.1397
2020-10-15T00,persistence,z500,2,81.8709,-0.0093
2020-10-15T00,persistence,z500,3,68.6866,0.3588
2020-10-15T00,persistence,z500,4,82.507,0.0913
2020-10-15T00,persistence,z500,5,78.375,0.0898
2020-10-15T00,persistence,z500,6,74.7934,0.0151
2020-10-15T00,persistence,tp,1,3.5602,0.2941
2020-10-15T00,persistence,tp,2,4.0472,0.1282
2020-10-15T00,persistence,tp,3,4.2086,0.0437
2020-10-15T00,persistence,tp,4,4.0443,0.1325
2020-10-15T00,persistence,tp,5,4.1731,0.0458
2020-10-15T00,persistence,tp,6,4.1093,0.0244
2020-10-15T00,climatology,t2m,1,2.0512,
2020-10-15T00,climatology,t2m,2,1.9093,
2020-10-15T00,climatology,t2m,3,1.7616,
2020-10-15T00,climatology,t2m,4,2.0234,
2020-10-15T00,climatology,t2m,5,2.1671,
2020-10-15T00,climatology,t2m,6,2.2799,
2020-10-15T00,climatology,z500,1,64.3023,
2020-10-15T00,climatology,z500,2,60.0199,
2020-10-15T00,climatology,z500,3,65.2807,
2020-10-15T00,climatology,z500,4,66.6313,
2020-10-15T00,climatology,z500,5,60.8803,
2020-10-15T00,climatology,z500,6,51.3921,
2020-10-15T00,climatology,tp,1,2.9322,
2020-10-15T00,climatology,tp,2,3.0719,
2020-10-15T00,climatology,tp,3,3.0283,
2020-10-15T00,climatology,tp,4,3.0825,
2020-10-15T00,climatology,tp,5,2.9832,
2020-10-15T00,climatology,tp,6,2.8207,
2020-10-19T00,ifs-ext,t2m,1,0.871,0.8317
2020-10-19T00,ifs-ext,t2m,2,1.4725,0.557
2020-10-19T00,ifs-ext,t2m,3,1.8998,0.3731
2020-10-19T00,ifs-ext,t2m,4,1.9363,0.4205
2020-10-19T00,ifs-ext,t2m,5,2.1012,0.4451
2020-10-19T00,ifs-ext,t2m,6,1.7607,0.5196
2020-10-19T00,ifs-ext,z500,1,16.2612,0.9728
2020-10-19T00,ifs-ext,z500,2,46.5572,0.6674
2020-10-19T00,ifs-ext,z500,3,60.8407,0.3475
2020-10-19T00,ifs-ext,z500,4,64.0793,0.221
2020-10-19T00,ifs-ext,z500,5,60.0189,0.0448
2020-10-19T00,ifs-ext,z500,6,58.5563,0.122
2020-10-19T00,ifs-ext,tp,1,1.9515,0.725
2020-10-19T00,ifs-ext,tp,2,2.6217,0.5072
2020-10-19T00,ifs-ext,tp,3,3.1488,0.4002
2020-10-19T00,ifs-ext,tp,4,2.8068,0.3084
2020-10-19T00,ifs-ext,tp,5,3.1603,0.1795
2020-10-19T00,ifs-ext,tp,6,2.742,0.2153
2020-10-19T00,gefs,t2m,1,1.2271,0.7686
2020-10-19T00,gefs,t2m,2,1.6037,0.5345
2020-10-19T00,gefs,t2m,3,1.8693,0.4218
2020-10-19T00,gefs,t2m,4,1.916,0.4849
2020-10-19T00,gefs,t2m,5,2.2261,0.4362
2020-10-19T00,gefs,z500,1,14.4855,0.9798
2020-10-19T00,gefs,z500,2,43.5718,0.6936
2020-10-19T00,gefs,z500,3,56.3564,0.4858
2020-10-19T00,gefs,z500,4,66.8091,0.0911
2020-10-19T00,gefs,z500,5,62.3099,-0.1294
2020-10-19T00,gefs,tp,1,1.9923,0.7154
2020-10-19T00,gefs,tp,2,2.812,0.4303
2020-10-19T00,gefs,tp,3,3.3805,0.2584
2020-10-19T00,gefs,tp,4,3.0431,0.1564
2020-10-19T00,gefs,tp,5,3.1633,0.2198
2020-10-19T00,cfsv2,t2m,1,1.3505,0.7414
2020-10-19T00,cfsv2,t2m,2,2.1693,0.3459
2020-10-19T00,cfsv2,t2m,3,2.5587,0.2571
2020-10-19T00,cfsv2,t2m,4,2.3407,0.3751
2020-10-19T00,cfsv2,t2m,5,2.9252,0.097
2020-10-19T00,cfsv2,t2m,6,2.7204,0.1195
2020-10-19T00,cfsv2,z500,1,19.5359,0.9523
2020-10-19T00,cfsv2,z500,2,67.0295,0.3702
2020-10-19T00,cfsv2,z500,3,76.5091,0.2883
2020-10-19T00,cfsv2,z500,4,89.37,-0.0344
2020-10-19T00,cfsv2,z500,5,80.056,-0.0099
2020-10-19T00,cfsv2,z500,6,76.0332,0.0529
2020-10-19T00,cfsv2,tp,1,2.7866,0.55
2020-10-19T00,cfsv2,tp,2,3.912,0.2489
2020-10-19T00,cfsv2,tp,3,4.4141,0.1287
2020-10-19T00,cfsv2,tp,4,4.0208,0.1162
2020-10-19T00,cfsv2,tp,5,4.229,0.078
2020-10-19T00,cfsv2,tp,6,4.6657,-0.0461
2020-10-19T00,persistence,t2m,1,1.6197,0.6621
2020-10-19T00,persistence,t2m,2,2.1868,0.3068
2020-10-19T00,persistence,t2m,3,2.2156,0.3513
2020-10-19T00,persistence,t2m,4,2.4939,0.2355
2020-10-19T00,persistence,t2m,5,2.7083,0.2381
2020-10-19T00,persistence,t2m,6,2.3487,0.3251
2020-10-19T00,persistence,z500,1,68.6413,0.3325
2020-10-19T00,persistence,z500,2,92.577,-0.1274
2020-10-19T00,persistence,z500,3,79.0095,0.2084
2020-10-19T00,persistence,z500,4,91.5905,-0.0499
2020-10-19T00,persistence,z500,5,86.8656,-0.1156
2020-10-19T00,persistence,z500,6,82.5606,0.0269
2020-10-19T00,persistence,tp,1,3.7416,0.2186
2020-10-19T00,persistence,tp,2,3.9898,0.1162
2020-10-19T00,persistence,tp,3,4.2906,0.0657
2020-10-19T00,persistence,tp,4,4.0617,0.0992
2020-10-19T00,persistence,tp,5,4.4019,-0.0511
2020-10-19T00,persistence,tp,6,4.0196,0.0702
2020-10-19T00,climatology,t2m,1,1.9836,
2020-10-19T00,climatology,t2m,2,1.7462,
2020-10-19T00,climatology,t2m,3,1.9332,
2020-10-19T00,climatology,t2m,4,2.074,
2020-10-19T00,climatology,t2m,5,2.3953,
2020-10-19T00,climatology,t2m,6,2.0824,
2020-10-19T00,climatology,z500,1,56.9505,
2020-10-19T00,climatology,z500,2,61.6267,
2020-10-19T00,climatology,z500,3,63.8767,
2020-10-19T00,climatology,z500,4,64.702,
2020-10-19T00,climatology,z500,5,54.4482,
2020-10-19T00,climatology,z500,6,56.5679,
2020-10-19T00,climatology,tp,1,2.9381,
2020-10-19T00,climatology,tp,2,2.9547,
2020-10-19T00,climatology,tp,3,3.228,
2020-10-19T00,climatology,tp,4,3.0056,
2020-10-19T00,climatology,tp,5,3.0257,
2020-10-19T00,climatology,tp,6,2.8451,
2020-10-22T00,ifs-ext,t2m,1,0.8933,0.8218
2020-10-22T00,ifs-ext,t2m,2,1.4102,0.5926
2020-10-22T00,ifs-ext,t2m,3,1.8583,0.4806
2020-10-22T00,ifs-ext,t2m,4,2.1173,0.2989
2020-10-22T00,ifs-ext,t2m,5,1.9794,0.464
2020-10-22T00,ifs-ext,t2m,6,1.8007,0.5092
2020-10-22T00,ifs-ext,z500,1,15.5764,0.9774
2020-10-22T00,ifs-ext,z500,2,43.7139,0.729
2020-10-22T00,ifs-ext,z500,3,60.3027,0.4498
2020-10-22T00,ifs-ext,z500,4,67.2017,-0.0304
2020-10-22T00,ifs-ext,z500,5,56.1818,0.1133
2020-10-22T00,ifs-ext,z500,6,59.2677,0.2586
2020-10-22T00,ifs-ext,tp,1,1.9377,0.8004
2020-10-22T00,ifs-ext,tp,2,2.6768,0.4543
2020-10-22T00,ifs-ext,tp,3,3.0592,0.2952
2020-10-22T00,ifs-ext,tp,4,3.0873,0.2111
2020-10-22T00,ifs-ext,tp,5,2.7698,0.2352
2020-10-22T00,ifs-ext,tp,6,3.036,0.1421
2020-10-22T00,gefs,t2m,1,1.1014,0.7879
2020-10-22T00,gefs,t2m,2,1.498,0.5696
2020-10-22T00,gefs,t2m,3,1.9218,0.4669
2020-10-22T00,gefs,t2m,4,2.0359,0.4337
2020-10-22T00,gefs,t2m,5,2.0594,0.4931
2020-10-22T00,gefs,z500,1,12.3193,0.9898
2020-10-22T00,gefs,z500,2,43.3644,0.7345
2020-10-22T00,gefs,z500,3,60.4539,0.4492
2020-10-22T00,gefs,z500,4,63.9309,0.0092
2020-10-22T00,gefs,z500,5,55.2066,0.0216
2020-10-22T00,gefs,tp,1,2.1068,0.7651
2020-10-22T00,gefs,tp,2,2.8818,0.3783
2020-10-22T00,gefs,tp,3,3.1742,0.2895
2020-10-22T00,gefs,tp,4,3.1552,0.2044
2020-10-22T00,gefs,tp,5,2.8085,0.2377
2020-10-22T00,cfsv2,t2m,1,1.31,0.7329
2020-10-22T00,cfsv2,t2m,2,1.7193,0.5005
2020-10-22T00,cfsv2,t2m,3,2.6093,0.2512
2020-10-22T00,cfsv2,t2m,4,2.6878,0.2817
2020-10-22T00,cfsv2,t2m,5,2.5776,0.3181
2020-10-22T00,cfsv2,t2m,6,2.8511,0.1502
2020-10-22T00,cfsv2,z500,1,18.9974,0.9596
2020-10-22T00,cfsv2,z500,2,55.6092,0.5622
2020-10-22T00,cfsv2,z500,3,89.9796,0.1017
2020-10-22T00,cfsv2,z500,4,72.1874,0.3067
2020-10-22T00,cfsv2,z500,5,76.4797,0.1569
2020-10-22T00,cfsv2,z500,6,82.7529,-0.0182
2020-10-22T00,cfsv2,tp,1,3.2354,0.5063
2020-10-22T00,cfsv2,tp,2,3.8224,0.2498
2020-10-22T00,cfsv2,tp,3,4.4521,0.1218
2020-10-22T00,cfsv2,tp,4,4.4104,0.1169
2020-10-22T00,cfsv2,tp,5,4.4258,0.1028
2020-10-22T00,cfsv2,tp,6,4.7856,0.033
2020-10-22T00,persistence,t2m,1,1.8175,0.5809
2020-10-22T00,persistence,t2m,2,2.2369,0.3193
2020-10-22T00,persistence,t2m,3,2.3467,0.3367
2020-10-22T00,persistence,t2m,4,2.6598,0.2058
2020-10-22T00,persistence,t2m,5,2.5745,0.2969
2020-10-22T00,persistence,t2m,6,2.6222,0.2255
2020-10-22T00,persistence,z500,1,81.3756,0.1445
2020-10-22T00,persistence,z500,2,93.3343,-0.0375
2020-10-22T00,persistence,z500,3,79.6165,0.2609
2020-10-22T00,persistence,z500,4,99.4541,-0.2618
2020-10-22T00,persistence,z500,5,80.7816,0.0379
2020-10-22T00,persistence,z500,6,88.4857,-0.0041
2020-10-22T00,persistence,tp,1,3.7668,0.2135
2020-10-22T00,persistence,tp,2,4.0595,0.0726
2020-10-22T00,persistence,tp,3,3.901,0.1594
2020-10-22T00,persistence,tp,4,4.1498,0.0158
2020-10-22T00,persistence,tp,5,4.0732,-0.0022
2020-10-22T00,persistence,tp,6,3.7906,0.1581
2020-10-22T00,climatology,t2m,1,1.9093,
2020-10-22T00,climatology,t2m,2,1.7616,
2020-10-22T00,climatology,t2m,3,2.0234,
2020-10-22T00,climatology,t2m,4,2.1671,
2020-10-22T00,climatology,t2m,5,2.2799,
2020-10-22T00,climatology,t2m,6,2.1604,
2020-10-22T00,climatology,z500,1,60.0199,
2020-10-22T00,climatology,z500,2,65.2807,
2020-10-22T00,climatology,z500,3,66.6313,
2020-10-22T00,climatology,z500,4,60.8803,
2020-10-22T00,climatology,z500,5,51.3921,
2020-10-22T00,climatology,z500,6,60.5202,
2020-10-22T00,climatology,tp,1,3.0719,
2020-10-22T00,climatology,tp,2,3.0283,
2020-10-22T00,climatology,tp,3,3.0825,
2020-10-22T00,climatology,tp,4,2.9832,
2020-10-22T00,climatology,tp,5,2.8207,
2020-10-22T00,climatology,tp,6,2.91,
2020-10-26T00,ifs-ext,t2m,1,0.9295,0.8092
2020-10-26T00,ifs-ext,t2m,2,1.4214,0.68
2020-10-26T00,ifs-ext,t2m,3,1.8924,0.4637
2020-10-26T00,ifs-ext,t2m,4,2.1151,0.4373
2020-10-26T00,ifs-ext,t2m,5,1.648,0.5914
2020-10-26T00,ifs-ext,t2m,6,2.1658,0.4196
2020-10-26T00,ifs-ext,z500,1,17.0659,0.9503
2020-10-26T00,ifs-ext,z500,2,36.0334,0.8289
2020-10-26T00,ifs-ext,z500,3,60.1362,0.3892
2020-10-26T00,ifs-ext,z500,4,60.3232,0.0955
2020-10-26T00,ifs-ext,z500,5,61.2974,0.0416
2020-10-26T00,ifs-ext,z500,6,63.277,0.288
2020-10-26T00,ifs-ext,tp,1,1.8854,0.8003
2020-10-26T00,ifs-ext,tp,2,2.9139,0.545
2020-10-26T00,ifs-ext,tp,3,2.845,0.2821
2020-10-26T00,ifs-ext,tp,4,3.0963,0.2326
2020-10-26T00,ifs-ext,tp,5,2.7889,0.1893
2020-10-26T00,ifs-ext,tp,6,3.3544,0.1314
2020-10-26T00,gefs,t2m,1,1.047,0.7857
2020-10-26T00,gefs,t2m,2,1.5755,0.6221
2020-10-26T00,gefs,t2m,3,1.8251,0.5176
2020-10-26T00,gefs,t2m,4,2.1672,0.4385
2020-10-26T00,gefs,t2m,5,1.8916,0.5125
2020-10-26T00,gefs,z500,1,16.1611,0.954
2020-10-26T00,gefs,z500,2,43.3145,0.744
2020-10-26T00,gefs,z500,3,63.091,0.2507
2020-10-26T00,gefs,z500,4,61.3179,-0.0985
2020-10-26T00,gefs,z500,5,60.0934,0.0393
2020-10-26T00,gefs,tp,1,2.0907,0.7568
2020-10-26T00,gefs,tp,2,3.1341,0.4401
2020-10-26T00,gefs,tp,3,2.8854,0.284
2020-10-26T00,gefs,tp,4,3.1445,0.2265
2020-10-26T00,gefs,tp,5,2.8646,0.1822
2020-10-26T00,cfsv2,t2m,1,1.362,0.6815
2020-10-26T00,cfsv2,t2m,2,1.9812,0.494
2020-10-26T00,cfsv2,t2m,3,2.6822,0.1355
2020-10-26T00,cfsv2,t2m,4,2.8997,0.0893
2020-10-26T00,cfsv2,t2m,5,2.622,0.1965
2020-10-26T00,cfsv2,t2m,6,3.3786,-0.0522
2020-10-26T00,cfsv2,z500,1,24.2291,0.9083
2020-10-26T00,cfsv2,z500,2,66.0135,0.3803
2020-10-26T00,cfsv2,z500,3,85.1202,0.0531
2020-10-26T00,cfsv2,z500,4,75.8474,-0.0628
2020-10-26T00,cfsv2,z500,5,87.0343,-0.1575
2020-10-26T00,cfsv2,z500,6,100.5894,-0.3059
2020-10-26T00,cfsv2,tp,1,2.7882,0.609
2020-10-26T00,cfsv2,tp,2,3.9089,0.2792
2020-10-26T00,cfsv2,tp,3,4.532,0.0847
2020-10-26T00,cfsv2,tp,4,3.9998,0.2005
2020-10-26T00,cfsv2,tp,5,3.8775,0.2098
2020-10-26T00,cfsv2,tp,6,4.9955,0.0588
2020-10-26T00,persistence,t2m,1,1.9159,0.4783
2020-10-26T00,persistence,t2m,2,2.2728,0.3268
2020-10-26T00,persistence,t2m,3,2.1265,0.4514
2020-10-26T00,persistence,t2m,4,2.5886,0.3127
2020-10-26T00,persistence,t2m,5,2.327,0.3457
2020-10-26T00,persistence,t2m,6,2.9735,0.1157
2020-10-26T00,persistence,z500,1,71.5933,0.2729
2020-10-26T00,persistence,z500,2,74.863,0.2363
2020-10-26T00,persistence,z500,3,71.3111,0.3181
2020-10-26T00,persistence,z500,4,80.1056,-0.0337
2020-10-26T00,persistence,z500,5,80.635,-0.0091
2020-10-26T00,persistence,z500,6,96.3035,-0.2228
2020-10-26T00,persistence,tp,1,3.8124,0.1629
2020-10-26T00,persistence,tp,2,3.9829,0.1681
2020-10-26T00,persistence,tp,3,4.0916,0.0524
2020-10-26T00,persistence,tp,4,4.287,-0.0333
2020-10-26T00,persistence,tp,5,3.8788,0.1006
2020-10-26T00,persistence,tp,6,4.177,0.0647
2020-10-26T00,climatology,t2m,1,1.7462,
2020-10-26T00,climatology,t2m,2,1.9332,
2020-10-26T00,climatology,t2m,3,2.074,
2020-10-26T00,climatology,t2m,4,2.3953,
2020-10-26T00,climatology,t2m,5,2.0824,
2020-10-26T00,climatology,t2m,6,2.4566,
2020-10-26T00,climatology,z500,1,61.6267,
2020-10-26T00,climatology,z500,2,63.8767,
2020-10-26T00,climatology,z500,3,64.702,
2020-10-26T00,climatology,z500,4,54.4482,
2020-10-26T00,climatology,z500,5,56.5679,
2020-10-26T00,climatology,z500,6,66.0022,
2020-10-26T00,climatology,tp,1,2.9547,
2020-10-26T00,climatology,tp,2,3.228,
2020-10-26T00,climatology,tp,3,3.0056,
2020-10-26T00,climatology,tp,4,3.0257,
2020-10-26T00,climatology,tp,5,2.8451,
2020-10-26T00,climatology,tp,6,3.1651,
2020-10-29T00,ifs-ext,t2m,1,0.9117,0.8251
2020-10-29T00,ifs-ext,t2m,2,1.4087,0.7531
2020-10-29T00,ifs-ext,t2m,3,1.9572,0.4253
2020-10-29T00,ifs-ext,t2m,4,1.9256,0.4963
2020-10-29T00,ifs-ext,t2m,5,1.8709,0.4511
2020-10-29T00,ifs-ext,t2m,6,2.2836,0.2428
2020-10-29T00,ifs-ext,z500,1,16.5859,0.9559
2020-10-29T00,ifs-ext,z500,2,43.9807,0.7652
2020-10-29T00,ifs-ext,z500,3,64.7999,0.1534
2020-10-29T00,ifs-ext,z500,4,57.1457,0.0748
2020-10-29T00,ifs-ext,z500,5,64.0015,0.1029
2020-10-29T00,ifs-ext,z500,6,65.5555,0.1868
2020-10-29T00,ifs-ext,tp,1,1.9673,0.7501
2020-10-29T00,ifs-ext,tp,2,2.7339,0.5251
2020-10-29T00,ifs-ext,tp,3,3.0326,0.2706
2020-10-29T00,ifs-ext,tp,4,2.7579,0.2493
2020-10-29T00,ifs-ext,tp,5,3.014,0.1584
2020-10-29T00,ifs-ext,tp,6,3.0851,0.1199
2020-10-29T00,gefs,t2m,1,1.0874,0.7816
2020-10-29T00,gefs,t2m,2,1.3827,0.7645
2020-10-29T00,gefs,t2m,3,1.8348,0.5433
2020-10-29T00,gefs,t2m,4,1.9478,0.5128
2020-10-29T00,gefs,t2m,5,1.9993,0.4437
2020-10-29T00,gefs,z500,1,15.7835,0.9606
2020-10-29T00,gefs,z500,2,46.9614,0.7241
2020-10-29T00,gefs,z500,3,62.6205,0.224
2020-10-29T00,gefs,z500,4,56.8136,0.0344
2020-10-29T00,gefs,z500,5,64.0147,0.009
2020-10-29T00,gefs,tp,1,2.1895,0.6955
2020-10-29T00,gefs,tp,2,2.8888,0.4774
2020-10-29T00,gefs,tp,3,3.1327,0.2316
2020-10-29T00,gefs,tp,4,2.8979,0.2131
2020-10-29T00,gefs,tp,5,3.3551,0.019
2020-10-29T00,cfsv2,t2m,1,1.3672,0.7101
2020-10-29T00,cfsv2,t2m,2,2.2104,0.4693
2020-10-29T00,cfsv2,t2m,3,2.8072,0.1504
2020-10-29T00,cfsv2,t2m,4,2.7646,0.22
2020-10-29T00,cfsv2,t2m,5,2.8992,0.2763
2020-10-29T00,cfsv2,t2m,6,2.5116,0.4552
2020-10-29T00,cfsv2,z500,1,20.3178,0.939
2020-10-29T00,cfsv2,z500,2,82.6331,0.1448
2020-10-29T00,cfsv2,z500,3,93.8357,-0.2644
2020-10-29T00,cfsv2,z500,4,74.7267,-0.008
2020-10-29T00,cfsv2,z500,5,90.7837,0.0394
2020-10-29T00,cfsv2,z500,6,94.4202,0.0917
2020-10-29T00,cfsv2,tp,1,2.8872,0.5339
2020-10-29T00,cfsv2,tp,2,4.0922,0.2068
2020-10-29T00,cfsv2,tp,3,4.1844,0.1257
2020-10-29T00,cfsv2,tp,4,4.5482,0.0624
2020-10-29T00,cfsv2,tp,5,4.5774,0.1476
2020-10-29T00,cfsv2,tp,6,4.4184,0.0712
2020-10-29T00,persistence,t2m,1,1.9589,0.4328
2020-10-29T00,persistence,t2m,2,2.213,0.3678
2020-10-29T00,persistence,t2m,3,2.2369,0.4034
2020-10-29T00,persistence,t2m,4,2.4329,0.3359
2020-10-29T00,persistence,t2m,5,2.5283,0.2328
2020-10-29T00,persistence,t2m,6,2.9669,0.0314
2020-10-29T00,persistence,z500,1,73.4035,0.316
2020-10-29T00,persistence,z500,2,74.017,0.3205
2020-10-29T00,persistence,z500,3,67.9013,0.3692
2020-10-29T00,persistence,z500,4,74.0915,0.1222
2020-10-29T00,persistence,z500,5,94.2939,-0.2239
2020-10-29T00,persistence,z500,6,95.8533,-0.1807
2020-10-29T00,persistence,tp,1,3.9488,0.162
2020-10-29T00,persistence,tp,2,4.064,0.1279
2020-10-29T00,persistence,tp,3,4.4723,-0.0909
2020-10-29T00,persistence,tp,4,4.0944,0.0363
2020-10-29T00,persistence,tp,5,4.2014,0.0141
2020-10-29T00,persistence,tp,6,4.2381,0.0645
2020-10-29T00,climatology,t2m,1,1.7616,
2020-10-29T00,climatology,t2m,2,2.0234,
2020-10-29T00,climatology,t2m,3,2.1671,
2020-10-29T00,climatology,t2m,4,2.2799,
2020-10-29T00,climatology,t2m,5,2.1604,
2020-10-29T00,climatology,t2m,6,2.3317,
2020-10-29T00,climatology,z500,1,65.2807,
2020-10-29T00,climatology,z500,2,66.6313,
2020-10-29T00,climatology,z500,3,60.8803,
2020-10-29T00,climatology,z500,4,51.3921,
2020-10-29T00,climatology,z500,5,60.5202,
2020-10-29T00,climatology,z500,6,64.674,
2020-10-29T00,climatology,tp,1,3.0283,
2020-10-29T00,climatology,tp,2,3.0825,
2020-10-29T00,climatology,tp,3,2.9832,
2020-10-29T00,climatology,tp,4,2.8207,
2020-10-29T00,climatology,tp,5,2.91,
2020-10-29T00,climatology,tp,6,3.1247,
