model,variable,week,rmse,acc,n_inits
cfsv2,t2m,1,1.307,0.736,9
cfsv2,t2m,2,2.014,0.451,9
cfsv2,t2m,3,2.525,0.197,9
cfsv2,t2m,4,2.572,0.215,9
cfsv2,t2m,5,2.645,0.244,9
cfsv2,t2m,6,2.821,0.171,9
cfsv2,tp,1,2.865,0.534,9
cfsv2,tp,2,3.891,0.21,9
cfsv2,tp,3,4.399,0.117,9
cfsv2,tp,4,4.365,0.111,9
cfsv2,tp,5,4.416,0.092,9
cfsv2,tp,6,4.594,0.067,9
cfsv2,z500,1,21.66,0.937,9
cfsv2,z500,2,66.797,0.384,9
cfsv2,z500,3,84.58,0.015,9
cfsv2,z500,4,79.027,0.079,9
cfsv2,z500,5,86.885,0.003,9
cfsv2,z500,6,87.495,-0.019,9
climatology,t2m,1,1.89,,9
climatology,t2m,2,1.912,,9
climatology,t2m,3,1.966,,9
climatology,t2m,4,2.043,,9
climatology,t2m,5,2.105,,9
climatology,t2m,6,2.224,,9
climatology,tp,1,3.008,,9
climatology,tp,2,3.039,,9
climatology,tp,3,3.026,,9
climatology,tp,4,3.024,,9
climatology,tp,5,2.994,,9
climatology,tp,6,2.998,,9
climatology,z500,1,59.585,,9
climatology,z500,2,61.827,,9
climatology,z500,3,62.763,,9
climatology,z500,4,61.174,,9
climatology,z500,5,60.684,,9
climatology,z500,6,60.864,,9
gefs,t2m,1,1.214,0.768,9
gefs,t2m,2,1.594,0.583,9
gefs,t2m,3,1.859,0.419,9
gefs,t2m,4,1.965,0.401,9
gefs,t2m,5,1.999,0.443,9
gefs,tp,1,2.082,0.711,9
gefs,tp,2,2.809,0.435,9
gefs,tp,3,3.032,0.28,9
gefs,tp,4,3.153,0.204,9
gefs,tp,5,3.127,0.189,9
gefs,z500,1,15.49,0.971,9
gefs,z500,2,45.976,0.686,9
gefs,z500,3,61.043,0.293,9
gefs,z500,4,63.369,0.09,9
gefs,z500,5,61.88,0.12,9
ifs-ext,t2m,1,0.89,0.84,9
ifs-ext,t2m,2,1.414,0.643,9
ifs-ext,t2m,3,1.813,0.406,9
ifs-ext,t2m,4,1.945,0.359,9
ifs-ext,t2m,5,1.937,0.414,9
ifs-ext,t2m,6,2.038,0.409,9
ifs-ext,tp,1,1.936,0.742,9
ifs-ext,tp,2,2.691,0.465,9
ifs-ext,tp,3,2.969,0.267,9
ifs-ext,tp,4,3.04,0.224,9
ifs-ext,tp,5,3.005,0.219,9
ifs-ext,tp,6,3.026,0.19,9
ifs-ext,z500,1,16.075,0.969,9
ifs-ext,z500,2,43.686,0.729,9
ifs-ext,z500,3,61.501,0.307,9
ifs-ext,z500,4,62.367,0.187,9
ifs-ext,z500,5,61.362,0.194,9
ifs-ext,z500,6,61.799,0.19,9
persistence,t2m,1,1.83,0.539,9
persistence,t2m,2,2.16,0.367,9
persistence,t2m,3,2.186,0.367,9
persistence,t2m,4,2.393,0.273,9
persistence,t2m,5,2.518,0.218,9
persistence,t2m,6,2.581,0.237,9
persistence,tp,1,3.771,0.191,9
persistence,tp,2,3.962,0.118,9
persistence,tp,3,4.075,0.064,9
persistence,tp,4,4.044,0.075,9
persistence,tp,5,4.09,0.046,9
persistence,tp,6,4.047,0.066,9
persistence,z500,1,71.915,0.256,9
persistence,z500,2,81.335,0.079,9
persistence,z500,3,74.899,0.231,9
persistence,z500,4,83.402,0.026,9
persistence,z500,5,87.063,-0.073,9
persistence,z500,6,86.684,-0.054,9
